Module,Lines,Classes,Functions
__init__.py,25,0,0
agent_wiki/audit/simulation_run_audits/04-10-2026_forensic_scientific_audit/evidence_scripts/audit_verify_1.py,84,0,0
agent_wiki/audit/simulation_run_audits/04-10-2026_forensic_scientific_audit/evidence_scripts/audit_verify_2.py,68,0,0
agent_wiki/audit/simulation_run_audits/04-10-2026_forensic_scientific_audit/evidence_scripts/audit_verify_3.py,127,1,0
agent_wiki/audit/simulation_run_audits/04-10-2026_forensic_scientific_audit/evidence_scripts/audit_verify_4.py,72,0,1
agent_wiki/audit/simulation_run_audits/04-10-2026_forensic_scientific_audit/evidence_scripts/count2.py,27,0,0
agent_wiki/audit/simulation_run_audits/04-10-2026_forensic_scientific_audit/evidence_scripts/v_clip.py,37,0,1
agent_wiki/audit/simulation_run_audits/04-10-2026_forensic_scientific_audit/evidence_scripts/v_counts.py,27,0,0
agent_wiki/audit/simulation_run_audits/04-10-2026_forensic_scientific_audit/evidence_scripts/v_counts2.py,65,0,0
agent_wiki/audit/simulation_run_audits/04-10-2026_forensic_scientific_audit/evidence_scripts/v_engine.py,42,0,0
agent_wiki/audit/simulation_run_audits/04-10-2026_forensic_scientific_audit/evidence_scripts/v_hcpvi.py,27,0,0
agent_wiki/audit/simulation_run_audits/04-10-2026_forensic_scientific_audit/evidence_scripts/v_inert.py,28,0,0
agent_wiki/audit/simulation_run_audits/04-10-2026_forensic_scientific_audit/evidence_scripts/v_misc.py,39,1,0
agent_wiki/audit/simulation_run_audits/04-10-2026_forensic_scientific_audit/evidence_scripts/v_physics.py,42,0,0
agent_wiki/audit/simulation_run_audits/04-10-2026_forensic_scientific_audit/evidence_scripts/v_pvt2.py,24,0,0
agent_wiki/audit/simulation_run_audits/04-10-2026_forensic_scientific_audit/evidence_scripts/v_recount.py,73,0,0
agent_wiki/audit/simulation_run_audits/04-10-2026_forensic_scientific_audit/evidence_scripts/v_rf.py,29,0,0
agent_wiki/audit/simulation_run_audits/04-10-2026_forensic_scientific_audit/evidence_scripts/v_tests.py,18,0,0
agent_wiki/audit/simulation_run_audits/04-10-2026_forensic_scientific_audit/evidence_scripts/v_tests2.py,70,0,2
agent_wiki/audit/simulation_run_audits/05-10-2026_remediation_verification_round2/evidence_scripts/audit_verify_5.py,295,0,3
agent_wiki/audit/simulation_run_audits/05-10-2026_remediation_verification_round2/evidence_scripts/audit_verify_6.py,146,0,2
agent_wiki/audit/simulation_run_audits/05-10-2026_remediation_verification_round2/evidence_scripts/audit_verify_7.py,88,0,2
agent_wiki/audit/simulation_run_audits/05-10-2026_remediation_verification_round2/evidence_scripts/audit_verify_8.py,45,0,0
agent_wiki/audit/simulation_run_audits/05-10-2026_remediation_verification_round2/evidence_scripts/audit_verify_9.py,44,0,0
analysis/breakthrough_physics.py,638,2,12
analysis/data_validation.py,396,1,8
analysis/decline_curve_analysis.py,391,2,17
analysis/injection_scheme_validator.py,441,2,13
analysis/material_balance.py,642,3,8
analysis/profiler.py,1181,1,19
analysis/profiler_refactored.py,252,1,21
analysis/sensitivity_analyzer.py,933,1,19
analysis/uq_engine.py,471,2,16
analysis/well_analysis.py,278,2,6
audit/__init__.py,11,0,0
audit/__main__.py,98,0,1
audit/continuity.py,1173,3,28
audit/generate_agent_checklist.py,512,0,8
audit/pipeline.py,756,0,10
audit/registry.py,638,2,19
core/__init__.py,22,0,1
core/data_integration_engine.py,931,2,27
core/data_models.py,2296,35,67
core/engine_surrogate/__init__.py,76,0,0
core/engine_surrogate/analytical_models.py,981,7,28
core/engine_surrogate/geomechanics_fault.py,232,2,2
core/engine_surrogate/profile_generator_fast.py,1327,1,19
core/engine_surrogate/pvt_state.py,511,2,12
core/engine_surrogate/relative_permeability.py,209,0,5
core/engine_surrogate/surrogate_engine.py,1234,2,14
core/engine_surrogate/surrogate_models.py,668,2,16
core/engine_surrogate/well_mechanics.py,467,0,6
core/geology/__init__.py,10,0,0
core/geology/geostatistical_modeling.py,683,0,13
core/geology/petrophysical_distribution.py,525,1,3
core/objectives/__init__.py,16,0,0
core/objectives/economic.py,202,0,3
core/objectives/storage.py,111,0,2
core/objectives/wrapper.py,249,1,3
core/optimisation_engine.py,4326,6,78
core/plotting_manager.py,1748,1,19
core/reservoir_state_manager.py,213,1,19
core/simulation/__init__.py,9,0,0
core/simulation/profile_generator.py,8,0,0
core/simulation/recovery_models.py,799,10,30
evaluation/mmp.py,481,1,8
main.py,162,1,4
scratch/capture_dm.py,43,0,1
scratch/capture_qa_and_fault_caprock.py,145,0,1
scratch/capture_subsurface_upgrades.py,92,0,1
scratch/capture_workbench_verification.py,119,0,1
scratch/debug_pvt_grid_geometry.py,33,0,0
scratch/test_blitting_cursor.py,234,0,3
scratch/test_cam_fix.py,30,0,0
scratch/test_cursor_tooltip.py,73,0,0
scratch/test_empty_cam.py,4,0,0
scratch/test_fluids_pvt_workstation.py,108,0,1
scratch/test_live_cursor_motion.py,77,1,1
scratch/test_plain_tooltip.py,37,0,0
scratch/test_progress_dialog_and_hover.py,90,1,2
scratch/test_pyvista_bounds.py,21,0,0
scratch/test_pyvista_scale.py,20,0,0
scratch/test_pyvista_well_network_studio.py,172,0,1
scratch/test_ray_plane.py,41,0,0
scratch/test_relperm_geostat_patterns.py,133,0,1
scratch/test_relperm_geostat_workstation.py,59,0,1
scratch/test_tooltip_options.py,58,0,0
scratch/test_verify_cursor_and_tooltip.py,78,1,1
scratch/test_verify_gray_lines_no_css_tooltip.py,83,0,1
scratch/test_well_network_studio.py,191,0,1
scratch/test_workbench_visuals.py,122,0,1
scratch/verify_fault_caprock_workbench.py,156,0,1
scratch/verify_well_schedule_fault_caprock_storage.py,133,0,1
scripts/archive_resolved_wiki_issues.py,271,0,9
scripts/audit_generator.py,580,0,7
scripts/classify_dead_code.py,70,0,0
scripts/generate_call_graph.py,106,0,1
scripts/parse_coverage.py,45,0,1
scripts/process_las_data.py,169,1,5
scripts/sync_to_github_wiki.py,88,0,1
scripts/validate_engine_physics.py,432,1,3
setup.py,61,0,0
site/audit/simulation_run_audits/04-10-2026_forensic_scientific_audit/evidence_scripts/audit_verify_1.py,84,0,0
site/audit/simulation_run_audits/04-10-2026_forensic_scientific_audit/evidence_scripts/audit_verify_2.py,68,0,0
site/audit/simulation_run_audits/04-10-2026_forensic_scientific_audit/evidence_scripts/audit_verify_3.py,127,1,0
site/audit/simulation_run_audits/04-10-2026_forensic_scientific_audit/evidence_scripts/audit_verify_4.py,72,0,1
site/audit/simulation_run_audits/04-10-2026_forensic_scientific_audit/evidence_scripts/count2.py,27,0,0
site/audit/simulation_run_audits/04-10-2026_forensic_scientific_audit/evidence_scripts/v_clip.py,37,0,1
site/audit/simulation_run_audits/04-10-2026_forensic_scientific_audit/evidence_scripts/v_counts.py,27,0,0
site/audit/simulation_run_audits/04-10-2026_forensic_scientific_audit/evidence_scripts/v_counts2.py,65,0,0
site/audit/simulation_run_audits/04-10-2026_forensic_scientific_audit/evidence_scripts/v_engine.py,42,0,0
site/audit/simulation_run_audits/04-10-2026_forensic_scientific_audit/evidence_scripts/v_hcpvi.py,27,0,0
site/audit/simulation_run_audits/04-10-2026_forensic_scientific_audit/evidence_scripts/v_inert.py,28,0,0
site/audit/simulation_run_audits/04-10-2026_forensic_scientific_audit/evidence_scripts/v_misc.py,39,1,0
site/audit/simulation_run_audits/04-10-2026_forensic_scientific_audit/evidence_scripts/v_physics.py,42,0,0
site/audit/simulation_run_audits/04-10-2026_forensic_scientific_audit/evidence_scripts/v_pvt2.py,24,0,0
site/audit/simulation_run_audits/04-10-2026_forensic_scientific_audit/evidence_scripts/v_recount.py,73,0,0
site/audit/simulation_run_audits/04-10-2026_forensic_scientific_audit/evidence_scripts/v_rf.py,29,0,0
site/audit/simulation_run_audits/04-10-2026_forensic_scientific_audit/evidence_scripts/v_tests.py,18,0,0
site/audit/simulation_run_audits/04-10-2026_forensic_scientific_audit/evidence_scripts/v_tests2.py,70,0,2
site/audit/simulation_run_audits/05-10-2026_remediation_verification_round2/evidence_scripts/audit_verify_5.py,295,0,3
site/audit/simulation_run_audits/05-10-2026_remediation_verification_round2/evidence_scripts/audit_verify_6.py,146,0,2
site/audit/simulation_run_audits/05-10-2026_remediation_verification_round2/evidence_scripts/audit_verify_7.py,88,0,2
site/audit/simulation_run_audits/05-10-2026_remediation_verification_round2/evidence_scripts/audit_verify_8.py,45,0,0
site/audit/simulation_run_audits/05-10-2026_remediation_verification_round2/evidence_scripts/audit_verify_9.py,44,0,0
tests/__init__.py,1,0,0
tests/conftest.py,527,0,31
tests/core/__init__.py,1,0,0
tests/core/test_fitness_function.py,790,5,23
tests/core/test_genetic_algorithm_params.py,203,4,15
tests/core/test_nsga2_methods.py,312,4,19
tests/core/test_objective_functions.py,251,1,8
tests/core/test_optimization_config.py,109,2,9
tests/core/test_physical_invariants.py,212,1,5
tests/core/test_relative_permeability.py,97,0,4
tests/core/test_select_diverse_solutions.py,224,1,8
tests/core/test_single_simulation.py,135,2,6
tests/core/test_surrogate_engine.py,934,13,46
tests/core/test_surrogate_engine_reference.py,765,4,21
tests/core/test_surrogate_engine_well_setup.py,499,3,18
tests/core/test_unphysical_chromosome_penalties.py,133,0,5
tests/core/test_well_mechanics.py,214,4,8
tests/scientific/__init__.py,4,0,0
tests/scientific/boundary_conditions/test_geomechanical_ceiling.py,52,0,1
tests/scientific/boundary_conditions/test_wellbore_drawdown_limits.py,30,0,1
tests/scientific/co2/test_co2_breakthrough_physics.py,110,0,2
tests/scientific/co2/test_co2_trapping_mechanisms.py,34,0,1
tests/scientific/co2/test_mmp_correlations.py,85,0,3
tests/scientific/conftest.py,83,0,4
tests/scientific/conservation/test_carbon_accounting.py,80,0,2
tests/scientific/conservation/test_mass_conservation.py,51,0,2
tests/scientific/convergence/test_temporal_convergence.py,52,0,1
tests/scientific/dimensional/test_unit_consistency.py,77,0,3
tests/scientific/initial_conditions/test_initial_state_preservation.py,45,0,1
tests/scientific/limiting_cases/test_infinite_time_eur.py,31,0,1
tests/scientific/limiting_cases/test_miscibility_limits.py,35,0,1
tests/scientific/limiting_cases/test_zero_injection.py,31,0,1
tests/scientific/limiting_cases/test_zero_permeability.py,23,0,1
tests/scientific/manufactured_solutions/test_mms_pressure_diffusion.py,75,0,4
tests/scientific/mathematical/test_analytical_identities.py,93,0,3
tests/scientific/mathematical/test_singularity_and_overflow.py,73,0,3
tests/scientific/numerical/test_timestep_stability.py,47,0,1
tests/scientific/physics/test_thermodynamic_positivity.py,86,0,2
tests/scientific/reference_solutions/test_arps_analytical_eur.py,36,0,1
tests/scientific/reference_solutions/test_buckley_leverett_analytical.py,71,0,5
tests/scientific/regression/test_scientific_invariants.py,42,0,1
tests/scientific/solver/test_solver_residuals.py,29,0,1
tests/scientific/symmetry/test_pattern_symmetry.py,23,0,1
tests/test_app_startup.py,35,0,4
tests/test_closed_loop_and_well_roles.py,87,0,3
tests/test_cmg_surrogate_validation.py,376,0,23
tests/test_geomechanics_fault_caprock.py,110,0,4
tests/test_las_parser.py,124,0,8
tests/test_optimization_widget_export_parameters.py,274,0,5
tests/test_physics_enhancements.py,231,4,8
tests/test_physics_validation.py,517,7,33
tests/test_plotting_diagnostics.py,280,0,9
tests/test_project_save_load.py,415,0,7
tests/test_pvt_solvent_extended.py,211,0,7
tests/test_reservoir_outputs_streams.py,170,0,4
tests/test_run_exporter.py,295,2,9
tests/ui/test_3d_well_interaction.py,135,0,7
tests/validation/__init__.py,19,0,0
tests/validation/cmg_input_generator.py,306,1,12
tests/validation/cmg_output_parser.py,358,1,5
tests/validation/cmg_runner.py,195,1,4
tests/validation/combined_cmg_parser.py,174,1,3
tests/validation/comparison_metrics.py,279,1,12
tests/validation/empirical_engine_validation.py,489,1,6
tests/validation/extract_sr3_reference.py,148,0,2
tests/validation/spe5_config.py,1041,0,19
tests/validation/spe5_empirical_validation.py,449,1,8
tests/validation/spe5_phd_surrogate_validation.py,502,2,8
tests/validation/sr3_parser.py,258,1,4
tests/validation/sr3_reader.py,766,4,21
ui/__init__.py,0,0,0
ui/ai_assistant_widget.py,382,1,27
ui/analysis_widget.py,628,1,25
ui/config_widget.py,1313,1,35
ui/data_management_widget.py,3413,10,83
ui/dialogs/ai_report_features_dialog.py,33,1,2
ui/dialogs/injection_scheme_dialog.py,682,2,20
ui/dialogs/pre_flight_audit_dialog.py,367,1,5
ui/dialogs/preferences_dialog.py,772,7,52
ui/dialogs/report_config_dialog.py,323,1,10
ui/dialogs/task_editor_dialog.py,163,1,7
ui/dialogs/visual_audit_modal.py,154,1,4
ui/main_window.py,2103,1,80
ui/optimization_widget.py,2363,5,62
ui/overview_page.py,492,2,22
ui/qt_log_handler.py,53,3,5
ui/sensitivity_widget.py,563,2,26
ui/utils/scheme_utils.py,22,0,1
ui/widgets/chat_bubble.py,87,1,6
ui/widgets/context_bubble.py,40,1,2
ui/widgets/corey_relperm_workstation_widget.py,578,1,9
ui/widgets/depth_profile_dialog.py,50,1,4
ui/widgets/depth_profile_editor.py,235,1,17
ui/widgets/edit_uq_parameter_dialog.py,130,1,7
ui/widgets/fault_geometry_visualizer_widget.py,325,1,8
ui/widgets/fluids_pvt_workstation_widget.py,1881,1,38
ui/widgets/geology_cross_section_widget.py,811,1,14
ui/widgets/geostatistics_visualizer_widget.py,676,1,11
ui/widgets/log_viewer_dialog.py,417,4,18
ui/widgets/manual_well_dialog.py,1275,2,31
ui/widgets/model_evaluation_dashboard.py,662,1,15
ui/widgets/parameter_input_group.py,245,1,22
ui/widgets/parameter_tree_view.py,75,1,5
ui/widgets/pvt_editor_dialog.py,980,4,27
ui/widgets/pvt_table_editor.py,299,1,13
ui/widgets/well_network_workstation_widget.py,1183,1,31
ui/widgets/well_trajectory_renderer_widget.py,78,1,5
ui/workbench/__init__.py,11,0,0
ui/workbench/components/calculation_progress_dialog.py,140,1,7
ui/workbench/components/contextual_property_grid.py,2684,1,30
ui/workbench/components/fault_caprock_manager_dialog.py,1134,1,29
ui/workbench/components/model_tree_widget.py,758,1,10
ui/workbench/components/pyvista_reservoir_canvas.py,1384,1,17
ui/workbench/components/quick_preset_bar.py,103,1,1
ui/workbench/components/subsurface_data_viewer_widget.py,2028,1,65
ui/workbench/components/subsurface_icons.py,309,0,1
ui/workbench/components/visual_audit_gate_widget.py,337,1,6
ui/workbench/subsurface_workbench_widget.py,1708,1,43
ui/workers/ai_query_worker.py,170,1,5
ui/workers/base_worker.py,47,1,5
ui/workers/dca_worker.py,37,2,2
ui/workers/model_list_worker.py,44,1,2
ui/workers/optimization_worker.py,81,1,4
ui/workers/sensitivity_analysis_worker.py,85,1,4
ui/workers/uq_worker.py,60,1,3
ui/workers/well_analysis_worker.py,98,1,5
utils/__init__.py,38,0,0
utils/config_manager.py,169,2,10
utils/i18n_manager.py,133,1,4
utils/las_parser.py,193,2,1
utils/multiprocess_logging.py,341,2,12
utils/path_utils.py,99,0,7
utils/preferences_manager.py,494,8,24
utils/project_file_handler.py,131,1,4
utils/report_generator.py,1002,1,22
utils/run_exporter.py,1537,1,19
